description,description_id
"Garantía: Como es visto no hay garantía
Financiamiento: no
Precio negociable: si
Color : AZUL
¡VEHÍCULO CON PLACAS LISTAS!

NISSAN SENTRA SV 2018 $9,850.00.

Para mayor información puede comunicarse al por medio de llamada o WhatsApp.

Enlace pagina web:



CARACTERÍSTICAS:

- Arranca y rueda.
- 60,323 KILOMETROS actuales.
- Bolsas buenas.
- Llave de aproximación.
- Sunroof.
- Halógenos.
- Pantalla touch.
- Cámara de retroceso.
- Transmisión automática.
- Motor 1.8 L de 4 CIL.
- Rines Especiales.
- Paquete electrico.
- Mandos al timón.
- Conexion bluetooth.
- Full extras.

PRECIO: $9, FUERA DE ADUANA.

PARA MAYOR INFORMACIÓN COMUNICARSE AL TELÉFONO O WHATSAPP: / .

#sedan #importaciondevehiculos #carros #ventadevehiculos #venta #importacion #ventacarros #Nissan #Sentra #sentrasv #nissansentrasv",1
"Garantía: Como es visto no hay garantía
Financiamiento: no
Color : Azul
DESCRIPCIÓN
CALIFICACIÓN
SEGURIDAD
Vendo Kia Forte 2017
53 mil millas
Bolsas buenas todas
Cero códigos
Traspaso directo
AC funcionando al 100
Pintura y tapicería buena
Mandos al timón
Hand free y Bluetooth
Suspensión y dirección buena
Transmisión automática
A toda prueba mecánica",2
"Financiamiento: no
Precio negociable: si
Color : Gris oscuro perla bicolor
honda city LX",3
"Garantía: Como es visto no hay garantía
Financiamiento: no
Precio negociable: si
Color : ROJO
DESCRIPCIÓN
CALIFICACIÓN
SEGURIDAD
KIA FORTE LX 2016, MOTOR 1.8 MODO ECO, AUTOMÁTICO, VIDRIOS Y ESPEJOS ELÉCTRICOS, CONTROLES DE AUDIO AL VOLANTE, BLUETOOTH, PANTALLA, CÁMARA DE RETROCESO, RINES ESPECIALES, ARRANCA Y CAMINA..
$6,975 NEGOCIABLES!!
INGRESA A ADUANA RANSA TERCERA SEMANA DEL MES DE MARZO

PUEDES RESERVAR !!
MAYOR INFORMACIÓN O RESERVAS",4
"Garantía: Garantía de fabrica restante.
Financiamiento: no
Precio negociable: no
Color : GRIS
DESCRIPCIÓN
ARTÍCULOS
CALIFICACIÓN
SEGURIDAD
HONDA CIVIC EX 2017 AUTOMATICO full extras, aire acondicionado, tapicería de tela nítida, SUNROOF DE FABRICA, bien enllantado con rines especiales originales, doble cámara de retroceso y pantalla touch de 10”, 66.000 MILLAS ORIGINALES, mandos al timon para audio y llamadas y bluetooth de fabrica, doble cola de pato de fabrica, motor suspensión dirección y caja nítidos, motor 1.5 de 4 cilindros turbo ecodreams, Elevador en los asientos, 3 MODOS DE MANEJO, excelente sonido con subwoofer, ENCENDIDO DE BOTON, alarma de fábrica, aire acondicionado digital, entradas USB y AUX, alfombras completas, paquete eléctrico, mantenimiento al dia, sistema de frenos ABS, SOLO EFECTIVO $13.500 FIJOS Puedes llamar o escribir al y haz tu cita",5
"Financiamiento: no
Precio negociable: si
DESCRIPCIÓN
CALIFICACIÓN
SEGURIDAD
Solo gente seria,
MOTOR 1.8 CON SISTEMA ECO, MOTOR Y CAJA 10/10

10/10 TAPICERIA IMPECABLE

PANTALLA,BLUETOOH,AUXILIAR,USB

MILLAS REALES MANTENIMIENTO AL DIA

BOLSAS BUENAS

CAMARA DE RETROCESO

POLARIZADO

AIRE FUNCIONANDO AL 100",6
"Color : Rojo y Negro
Señor Guzmán contacto",7
"Precio negociable: si
Vendo mazda 3 año 2011 Mantenimiento al dia Aire helado al 100% Rines especiales Económico No gasta agua Cero fuga de aceite motor y caja nítida Poco negociable Muestro en gasolinera Texaco la unión A toda prueba Mi WhatsApp:",8
"Garantía: Como es visto no hay garantía
Financiamiento: no
Precio negociable: si
Color : AZUL
¡VEHÍCULO EN CAMINO!

CHEVROLET SPARK LS 2020 $7,350.00 (02)

Para mayor información puede comunicarse al por medio de llamada o WhatsApp.

Link pagina web:




CARACTERÍSTICAS:

- Arranca y rueda.
- 83,903 Millas actuales.
- Bolsas frontales buenas.
- Llave presente.
- Vidrios manuales.
- Transmisión automatica.
- Motor 1.4 L de 4 CIL.
- Pantalla.
- Halógenos.

PRECIO: $7,350.00 FUERA DE ADUANA

PARA MAYOR INFORMACIÓN COMUNICARSE AL TELÉFONO O WHATSAPP: / .

#sedan #importaciondevehiculos #carros #ventadevehiculos #venta #importacion #ventacarros #Chevrolet #chevrolet #chevroletspark #chevroletspark #spark",9
"Financiamiento: no
Precio negociable: si
Color : Rojo
Honda Civic Sport 2019",10
"Color : Plata Iridio Metalizado
De agencia, para los más exigentes, con mucha comodidad y calidad.
En excelente estado sin intermediarios, bolsas buenas, carrocería en perfecto estado, ha tenido uso familiar. Venta directa sin intermediarios.",11
"Garantía: Como es visto no hay garantía
Precio negociable: si
Color : ocre
Se vende Mitsubishi modelo Mirage año 2000

De uso diario
Transmisión automática
4 puertas
Aire acondicionado
Tapicera en buen estado
Estéreo Sony
Motor 1.6 super económico
Vidrios manuales
Contiene sistema de alarma antirrobo
Traspaso directo

Detalles estéticos reparables",12
"Financiamiento: no
Precio negociable: si
Color : Gris claro
DESCRIPCIÓN
CALIFICACIÓN
SEGURIDAD
Toyota Yaris 2015 Agencia

Motor 1.3 CC
AUTOMÁTICO
Tapicería 10/10
Pintura 9/10
Rines especiales y Llantas Michelin 9/10
Vidrios y espejos eléctricos
Sistema ABS
Recorrido 104,000 KM
Bolsas buenas no chocado
CD player original con Bluetooth
Ningún check encendido
Aire Helando perfectamente
Mantenimiento en AGENCIA
Último mantenimiento Enero 2023 entregó comprobante
Nada de invertirle solo de subirse , segundos dueños
Traspaso sin compra-ventas

Precio : $12,300 poco negociables
Se muestra únicamente en Sonsonate con Cita previa
Más información",13
"Garantía: Como es visto no hay garantía
Financiamiento: no
Color : Gris Plata
DESCRIPCIÓN
CALIFICACIÓN
SEGURIDAD
Ford Focus 2007 en excelente estado.
Sedan Automatico 4 puertas.",14
"Color : Rojo.
Interesados Illamarme  . Version FULL EXTRAS 2013. Vendo NO cambios. Muestro en San Miguel. Motor 1.4 de 4 cilindros TURBO. Economico y Potente . Economia en consumo de combustible. Ideal para paseos en familia . Estilo Sedan 4 puertas + Baul espacioso. Transmision Manual 6 velocidades + Retroceso. Aire Acondicionado Heladito. Pantalla Tactil . Sonido Alpine potente Premium . USB , AUX , CD ,  AV , SD. Doble salida de escape. Apoya cabezas en todos los asientos. Tablero con luces Neon regulables. Camara de Retroceso. Vidrios y espejos electricos . Mandos al Timon . Frenos ABS . Bateria LTH HI TECH nueva. Baul Espacioso con su llanta de repuesto, mica y quita tuercas. Vidrios Polarizados . Mantenimientos al dia . Aceite de caja nuevo . Aceite de motor nuevo . Bujias nuevas . Sin fugas ni liqueos . Llantas perfil ancho casi nuevas. Ya solo esta de subirse . Motor parejito y suave . Sin pilotos encendidos.",15
"Precio negociable: si
Nissan Juke 2016 en excelente condición súper sanita, 4×2 motor 1.6 con turbo, luces LED, no provenía de inundación, traía poco golpe en bomper frontal, tiene 5 puertas, llave de proximidad, con pantalla LCD, camara de retroceso de 360 , rines de aluminio, el vehículo está rebajado 5%, millas 73,642 REALES, precio NEGOCIABLE",16
"Precio negociable: si
Color : Azul
DESCRIPCIÓN
CALIFICACIÓN
SEGURIDAD
Motor 4 Cilindros",17
"Garantía: Como es visto no hay garantía
Financiamiento: no
Precio negociable: no
Color : BLANCO
DESCRIPCIÓN
CALIFICACIÓN
SEGURIDAD
NISSAN SENTRA SV 2017, MOTOR 1.8 MODO ECO/SPORT, AUTOMÁTICO, VIDRIOS Y ESPEJOS ELÉCTRICOS, CONTROLES DE AUDIO AL VOLANTE, BLUETOOTH, LLAVE DE PROXIMIDAD, ENCENDIDO DE BOTÓN, PANTALLA, CÁMARA DE RETROCESO, BOLSAS BUENAS
$7,075!!
INGRESA A ADUANA RANSA TERCERA SEMANA DEL MES DE FEBRERO

PUEDES RESERVAR
MAYOR INFORMACIÓN O RESERVAS",18
"Financiamiento: no
Precio negociable: si
Full extras , caja automatica secuencial de 6 velocidades, capacidad para 5 pasajeros, 4 puertas, mandos al volante y por comandos de voz, modos de manejo normal y sport, pantalla lcd, bluetooth, android auto y apple car-play, A/C, camara de retroceso, luces automáticas, freno de disco en 4 ruedas
*Fotos reales y traspaso directo, se muestra en sonsonate",19
"Financiamiento: no
Precio negociable: si
Color : Ocre
Año: 2001
Motor: 1.8
Color: Ocre
Polarizado
Millas: 121580
Cuatro puertas
Vidrios automaticos
Automatico
No calienta
Sistema de transmisión funcionando al 100, reciente cambio de aceite de caja y motor.

Detalles:
-Aire a revisar
-Detalles de pintura
-Parabrisas",20
"Precio negociable: si
Color : Negro
DESCRIPCIÓN
CALIFICACIÓN
SEGURIDAD
Vehiculo tipo sedan Año 2016 con mantenimiento al dia realizado en diciembre 2022. FULL EXTRAS
Motor GDI 1.6 Automatico Secuencial.
Mandos al timon mas Alarma de fabrica
Informacion para compra Inbox o
PRECIO NEGOCIABLE
Control de llave original y Cierre Central
Frenos de disco excelente estado en 4 llantas
Sistema ABS
Sistema ECO
Cd player de fabrica con bluetooh
Usb y auxiliar
Vidrios y espejos electricos
Aire acondicionado excelente
No tiene ninguna falla y sus codigos estan bien.
DE USO FAMILIAR SE VENDE POR ESPACIO SE COMPRO OTRO.
SE MUESTRA EN GASOLINERAS PUEDE TRAER SU MECANICO PARA VERIFICAR NO TIENE DETALLES.",21
"Precio negociable: si
Color : Negro
**Mazda 3 con detalles de tapicería y pintura como puede apreciar en las fotografías.
**El problema es un temblor en el motor posiblemente sea un soporte de caja o motor, y aire a revisar. Y por el trabajo no puedo ir a revisar.
**Motor 2.0
**Automático
**Negociable
**Llantas 70%
**
**Traspaso Directo
** Negociable",22
"Color : NEGRO
YA TIENE PLACAS
WhatsApp o Telegram
No se aceptan cambios o vehículos a cuenta
$11,500
Motor 2.0
Bolsas frontales intactas
Entrada con llave de proximidad con botón de arranque
Alfombras de habitáculo originales
Alfombra de baúl rígida y flexible reversible para todo clima
Techo corredizo y inclinable eléctrico de vidrio
Luces de circulación diurna LED
Espejo retrovisor con atenuación automática
con brújula y HomeLink
Volante forrado en cuero
y palanca de cambios
Temperatura automática de doble zona
control con desempañador automático
Luces de aproximación de la manija de la puerta
Baúl inteligente manos libres
Asientos delanteros con calefacción
Espejos de cortesía iluminados con
extensiones de parasol
Ventana de subida automática del conductor con un solo toque
Bolsillo en el respaldo del asiento del pasajero delantero
Detección de punto ciego con
Alerta de tráfico cruzado trasero y
Asistente de cambio de carril
Cámara retrovisor con guías de dirección de estacionamiento
Pantalla táctil de 7 AM/FM/XM/MP3
sistema de audio con 6 parlantes
Llantas de aleación de 16 con neumáticos 205/55R16
Frenos de disco frontales y posteriores
Android auto y Apple car
Portavasos en la consola central trasera
Burbujas en ventanas laterales
Llanta de repuesto con herramientas de cambio",23
"Precio negociable: si
DESCRIPCIÓN
CALIFICACIÓN
SEGURIDAD
NEGOCIABLE • Motor 2.0 • 112,000 millas • A/C funcionando Excelente • Polarizado reciente • Cambio de aceite de motor reciente • Cierre central • Ajuste de asiento eléctrico • Frenos en excelente estado • Llantas Americanas en buen estado • Controles en el volante",24
"Precio negociable: si
Color : Blanco
DESCRIPCIÓN
CALIFICACIÓN
SEGURIDAD
A toda prueba
Detalles superficiales en pintura
Aire al 100%
Llantas al 80%
Dos ventanas no bajan ni suben
Se deja a precio para arreglar detalles.
Traspaso Directo
Puede hacer las pruebas que desee",25
"Precio negociable: si
Vendo kia río 2018 en optimas condiciones
51,000 millas.
Mantenimiento al día
3 modos de manejo (automático, sport y secuencial
A/C en perfecto estado
Motor 1.6
A toda prueba
Traspaso directo
Pintura aceptable
Cierre central

Precio poco negociable
cualquier duda quedó a la orden",26
"Financiamiento: si
Color : Azul
DESCRIPCIÓN
CALIFICACIÓN
SEGURIDAD",27
"Precio negociable: si
Color : Negro
DESCRIPCIÓN
CALIFICACIÓN
SEGURIDAD
Vendo toyota corolla 2017, con todos sus mantenimientos al dia, funciona al 100% cero fallas, muestro unicamente en san salvador. Perfecto estado

Puede traer su mecanico si gusta.",28
"Precio negociable: si
Color : Negro
SEDAN CON TAN SOLO 38MIL MILLAS ORIGINALES COMPROBABLES, BOLSAS BUENAS , TAPICERIA NITIDA, TODO EN MUY BUENAS CONDICIONES CON SU AIRE AL 100% . FULL ELECTRICO, PANTALLA, CAMARA, ETC. NO SE COMPLIQUE . SOLO 38 MIL MILLAS REALES . MOTOR Y CAJA A TODA PRUEBA.
NO SE RECIBE VEHICULO A CUENTA
NO INTERMEDIARIOS
11900. NEGOCIABLES",29
"Garantía: Como es visto no hay garantía
Financiamiento: no
Precio negociable: si
Color : GRIS
DESCRIPCIÓN
ARTÍCULOS
CALIFICACIÓN
SEGURIDAD
¡VEHÍCULO YA CON PLACAS LISTAS!


CHEVROLET SPARK 2016 STANDAR $7,500.00 (02)

Para mayor información puede comunicarse al por medio de llamada o WhatsApp.

Link pagina web:




CARACTERÍSTICAS:

- Arranca y rueda.
- 75,005 KILOMETROS actuales.
- Vehiculo de agencia.
- Bolsas buenas.
- Llave presente.
- Vidrios frontales electricos.
- Transmisión manual.
- Motor 1.2 L de 4 CIL.
- Barras de techo.
- Rines especiales.
- Halógenos.

PRECIO: $7,500.00 FUERA DE ADUANA

PARA MAYOR INFORMACIÓN COMUNICARSE AL TELÉFONO O WHATSAPP: / .

#sedan #importaciondevehiculos #carros #ventadevehiculos #venta #importacion #ventacarros #Chevrolet #chevrolet #chevroletspark #chevroletspark #spark",30
"DESCRIPCIÓN
CALIFICACIÓN
SEGURIDAD
vendo o cambio civic si 2014
standar
6 velocidades
llave de proximidad
Cámara lateral y trasera
sunrof
a/c al 100
rines especiales
mayor información
WhatsApp o llamadas",31
"Precio negociable: si
Color : Celeste
DESCRIPCIÓN
CALIFICACIÓN
SEGURIDAD
El carro es Toyota Yaris 2008, color celeste, eléctrico. 2 puertas. A/C, 1 bolsa de aire buena, automático. Super económico",32
"Color : Negro
DESCRIPCIÓN
CALIFICACIÓN
SEGURIDAD
Nissan Sentra 2013 automático
Sin fallas ni ruidos, tapicería nítida, aire nítido. Todo en excelente estado.
Súper económico.
$6500
Traspaso directo.
Muestro en la gasolinera Texaco de San Rafael Cedros.",33
"Precio negociable: si
Color : Blanco
TIPO SEDAN, 4 PUERTAS, RINES ESPECIALES, CARROCERIA Y TAPICERIA NITIDA, COLOR BLANCO, MOTOR A TODA PRUEBA. INFORMACION AL o",34
"Financiamiento: no
Precio negociable: si
Color : Gris
Ford Figo 2017
-Todas las llanatas nueva
-Mantenimiento de agencia al día",35
"Precio negociable: si
Color : Gris
DESCRIPCIÓN
ARTÍCULOS
CALIFICACIÓN
SEGURIDAD
PRECIO NEGOCIABLE, las llantas se cambiaron, las 4, hace un mes (poco uso).",36
"DESCRIPCIÓN
CALIFICACIÓN
SEGURIDAD
Nissan Versa 2014 en excelentes condiciones, 100% nítido, sin ningún problema, mantenimiento al día

- Transmisión automática
- Motor intacto
- Cambio de llantas recientes
- Todo funcionando al 100%
- A toda prueba",37
"Color : Beige
DESCRIPCIÓN
ARTÍCULOS
CALIFICACIÓN
SEGURIDAD
Bolsas de aire buenas, aire acondicionado, rines especiales, automático.",38
"Color : Azul
DESCRIPCIÓN
CALIFICACIÓN
SEGURIDAD
SE VENDE NISSAN VERSA 2017 SV FULL EXTRAS MOTOR 1.6 AUTOMATICO RECIEN IMPORTADO, YA CON PLACAS. 75,000 MILLAS EN OPTIMAS CONDICIONES,INGRESO AL PAIS CON POCO GOLPE, A TODA PRUEBA MECANICA, CERO CODIGOS ENCENDIDOS, BOLSAS FRONTALES BUENAS. TRATO DIRECTO, VIDRIOS Y ESPEJOS ELECTRICOS, AIRE ACONDICIONADO FUNCIONANDO AL 100% YA POLARIZADO SOLO DE SUBIRSE, NO HAY QUE INVERTIRLE NADA. PRECIO POCO NEGOCIABLE.",39
"Garantía: Como es visto no hay garantía
FORD FIESTA 2019 LISTO PARA TI, PARA TU USO FAMILIAR O TRASLADARTE A TU TRABAJO!! $8,150.00 NEGOCIABLE TRASPASO DIRECTO 38010 MILLAS REALES A/C FUNCIONANDO AL CAMBIO ACEITE AL DIA! LLAVE CON CHIP! CÁMARA RETROCESO! PARABRISAS RECIÉN CAMBIADO MOTOR 1.6 SUPER ECONOMICO LLAVE CON CIERRE CENTRAL APERTURA DE BAÚL CON BOTON AUTOMATICO ESPEJOS ELECTRICOS vidrios manuales CD PLAYER ORIGINAL CD USB MP3 BLUETOOTH MUSIC AUXILIAR 3.5 MM MANDOS AL TIMON Tapiceria 99% Llantas 90% Detalles estéticos de pintura como todo carro usado Se vende por motivos de viaje ojo se muestra en metrocentro san salvador o zona comerciales de san salvador Mas información por WhatsApp o llamada &amp;amp; Bendiciones",40
"DESCRIPCIÓN
CALIFICACIÓN
SEGURIDAD
NEGOCIABLE",41
"Precio negociable: si
Color : Gris
Se Vende !!

$8500 ¡¡ NEGOCIABLES !!

En perfecto estado, super lujoso.

Favor contactarse a:
(WhatsApp)
(Fijo)

Con Ing. José Larios
Solo en horario de oficinas.",42
"Precio negociable: si
Color : Blanco Perla
DESCRIPCIÓN
CALIFICACIÓN
SEGURIDAD
Se vende 2014 Hyundai sonata GLS Top of the Line. En optimas condiciones... Rines especiales, Panoramic Vista Roof... Acientos de cueros. Push To Start Boton de arranque.... etc, etc
$6 950 precio negociable... interesados llamar a Julio",43
"Financiamiento: no
Precio negociable: si
Color : Blanco
DESCRIPCIÓN
CALIFICACIÓN
SEGURIDAD
Automático
Motor 2.4,
Los 4 amortiguadores nuevos
Cierre central
A/C. Funcionando
llamar.
Precio $2,900
Hyundai Sonata V6
Documentos al dia y a mi nombre.",44
"Color : Gris Oscuro (Charcole)
DESCRIPCIÓN
CALIFICACIÓN
SEGURIDAD
* Nissan Sentra SR Turbo 2017 Automatico
* Ya con placas
* 67000 millas reales
* Cero checks, cero pilotos encendidos.
* Sunroof
* Mantenimiento al día Aceite sintentico 0w20 y filtros nuevos
* Frenos de disco en las 4 ruedas. Pastillas nuevas
* Paquete Electrico y luces LED.
* Rines originales 17 pulgadas
* Llantas nuevas 205/50/R 17
* Vehiculo traido con leve golpe Muestro fotos de como venia.
* Motor 1.6 super Turbo
* Transmicion Automatica
* Tapiceria e interiores como nuevos
* Pantalla con de 7 pulgadas blaupunk android auto
camara.de.retroceso
* Sistema de sonido.

A toda prueba solo para conocedores.
Vehiculo en perfecto estado 10 de 10 en pintura y detalles solo de subirse. Invierta su dinero bien en este vehiculo que vale la pena.",45
"Color : Blanco Se vende Mitsubishi G4 2018. Automático A/C. Bolsas buenas, cero código. Color blanco. Motor 1.2 Super económico. Cámara de retroceso, paquete eléctrico En perfectas condiciones. Precio $8,500",46
"Color : Gris Se vende Kia Río 2020. Automático, motor 1.6 Color gris metálico. Como nuevo. Paquete eléctrico, cámara de retroceso, vidrios eléctricos. En perfectas condiciones. Precio $10,500",47
"DESCRIPCIÓN ARTÍCULOS CALIFICACIONES SEGURIDAD Vehículo a toda prueba , aire acondicionado al cien, llantas nítidas, pintura buen estado, precio negociable, Información Tel.",48
Precio negociable: si Color : Rojo en restauracion,49
Garantía: Como es visto no hay garantía Precio negociable: si Color : amarillo DESCRIPCIÓN CALIFICACIONES SEGURIDAD,50
Precio negociable: si Color : Azul Se vende toyota yaris ia 2018 full extras nítido 66 mil millas paquete eléctrico cámara de retroceso pantalla táctil abordó llave de a proximidad botón de encendido motor 1.5 automático recién importado $11000 NEGOCIABLE,51
Precio negociable: si Bonito Nissan Versa 2020 Nueva Linea para que lo repare para quedarselo o venderlo Millaje bajo motor ahorrativo de conbustible. TEL.,52
"Financiamiento: no Precio negociable: si Color : Azul DESCRIPCIÓN CALIFICACIONES SEGURIDAD Vendo Kia Rio 2016, Standard, sin detalles, poco negociable, muestro en San Salvador y Sus Alrededores. Bien Cuidado. Mantenimientos al día, trato serio, no perdidas de tiempo.",53
"Garantía: Como es visto no hay garantía Financiamiento: no Color : Blanco DESCRIPCIÓN CALIFICACIONES SEGURIDAD Precioso sedan auromatico secuencial, motor 1.8 turbo gasolina , mantenimiento al día, aire acondicionado, potente audio de fabrica , interior de cuero , suspension suave , polarizado , color blanco liso, traspaso directo información por WHATSAPP",54
"Precio negociable: si Color : Negro Se vende Mitsubishi Lancer 2015 negociable con las siguientes especificaciones: - Motor 2,0 con sistema ECO - 62xxx MILLAS REALES - Sistema eléctrico en perfectas condiciones - Aire acondicionado al 100% - Ventanas y espejos eléctricos - Tapicería en perfecto estado - Pintura 9.5 / 10 (detalles pequeños) - Aceite de caja y filtro nuevo - Aceite de motor y filtro recién cambiado - Filtro de A/C recién cambiado - Alarma y cierre central Observaciones: - Piloto de TPMS y Bolsas de aire encendido, no afectan en nada al motor - Piloto de check Engine intermitente, por entradas de aire o mezla pobre, se están trabajando con mecánico actualmente",55
"Precio negociable: no DESCRIPCIÓN CALIFICACIONES SEGURIDAD Vendo Nissan Sentra 2013 automático Motor sin fallas, sin fugas ni ruidos Todas sus bolsas buenas Motor 1.8 súper económico Cero piloto encendido A/C nítido Traspaso directo $6200 FIJOS Muestro en gasolinera Texaco de San Rafael Cedros",56
"DESCRIPCIÓN CALIFICACIONES SEGURIDAD Hyundai Elantra 2015 - Pintura excelente - Cero ruidos de suspensión - mantenimiento recién hecho. - Esta nitido, asi que no va a durar mucho tiempo disponible. CONTACTAME ahora mismo!!! OTRAS CARACTERÍSTICAS: Motor 1.8 litros Motor y transmisión en muy buen estado Aire acondicionado helando bien Sistema ECO Caja automática secuencial Rines de fabrica Vidrios Eléctricos Espejos Eléctricos con memoria Mandos en el timon. Tapicería nitida TRASPASO DIRECTO - SE ACEPTA VEHICULO A CUENTA + RIBETE",57
"Color : Negro SEDAN FULL , MANDOS AL TIMON , TODASS LAS BOLSAS BUENAS , 28MIL MILLAS ORIGINALES, pantalla, camara , rines especiales traido con minimo golpe etc etc . . estara reparado a finales de marzo frente limpio CARRO QUE VALE LA PENA NO SE COMPLIQUE... CASH 8,800 . ya reparado incluyendo placas y mantenimiento solo de usarlo. RESERVELO. con 500.",58
Financiamiento: no DESCRIPCIÓN CALIFICACIONES SEGURIDAD Sentra Nissan $.poco negociable excelente condiciones sólo de subirse73milmillas reales,59
"Color : Negro MItsubishi Lancer 2009, motor 2.0 deportivo, automático, rines de 18 pulgadas, halógenos. modo sport con cambios en el timón.",60
"Precio negociable: si Color : Blanco DESCRIPCIÓN CALIFICACIONES SEGURIDAD Cualquier oferta es bienvenida. Vehículo automático, secuencial, ATF, Kia Río 2016. No busque carros que necesiten reparaciones. Motor GDI 1.6 Modo ECO Full paquete eléctrico. Sedan, 4 puertas. Vehículo económico. Aire acondicionado al 100% Sonido excelente. Le doy su mantenimiento cada 5mil millas. Puede usarlo para su trabajo o para dar paseos de inmediato. Escríbame para acordar un lugar y el día para mostrarlo y probarlo.",61
"Precio negociable: si Color : Negro DESCRIPCIÓN ARTÍCULOS CALIFICACIONES SEGURIDAD Ford en buen estado, rines originales, dos puertas",62
Color : Gris DESCRIPCIÓN CALIFICACIONES SEGURIDAD,63
Precio negociable: si Color : Plateado DESCRIPCIÓN CALIFICACIONES SEGURIDAD Tapicería en buen estado Pintura mínimos detalles Sistema eléctrico Transmisión automática secuencial Rines con copa Cinco llantas Aceite sintético (caja y motor) Bolsas de aire buenas,64
"Garantía: Como es visto no hay garantía Financiamiento: no Precio negociable: si Color : AZUL ¡VEHÍCULO EN CAMINO! CHEVROLET SPARK LS 2020 $7,350.00 (02) Para mayor información puede comunicarse al por medio de llamada o WhatsApp. Link pagina web: CARACTERÍSTICAS: - Arranca y rueda. - 83,903 Millas actuales. - Bolsas frontales buenas. - Llave presente. - Vidrios manuales. - Transmisión automatica. - Motor 1.4 L de 4 CIL. - Pantalla. - Halógenos. PRECIO: $7,350.00 FUERA DE ADUANA PARA MAYOR INFORMACIÓN COMUNICARSE AL TELÉFONO O WHATSAPP: / . #sedan #importaciondevehiculos #carros #ventadevehiculos #venta #importacion #ventacarros #Chevrolet #chevrolet #chevroletspark #chevroletspark #spark",65
Precio negociable: si Color : Gris Nissan Almera 2011 standard. Se muestra en Metapán durante la semana previo acuerdo y en Santa Ana el fin de semana.,66
"Precio negociable: si Color : GRIS Sunroof Pintura en excelentes condiciones A/C funcionando en perfectas condiciones Llantas bien grabadas Tapiceria en excelentes condiciones 7,000.00 neg",67
"Precio negociable: si Color : Blanco Mitsubishi Galant, 2009. Muy cómodo, cierre centralizado, con aire, transmisión automática, color blanco con detalles en pintura. Baúl amplio. Motor 2.4, fuerte. Traspaso directo, documentos en regla. Contacto acá o en Facebook vía messenger de KJ-Tienda virtual. Precio $4,200 poco negociable.",68
"Garantía: Como es visto no hay garantía Financiamiento: no Precio negociable: no Color : Gris DESCRIPCIÓN CALIFICACIONES SEGURIDAD Vendo toyota corolla 2016, automático con caja ATF, millas reales 114,000 vidrios eléctricos, control de audio al Timón, etc.",69
"Financiamiento: no Precio negociable: si Color : Blanco DESCRIPCIÓN CALIFICACIONES SEGURIDAD Vendo o cambio volkswagen jetta se año 2014 motor 1.8 turbo , mantenimiento al día, traspaso directo, interior de cuero, a prueba , mas información contactar por WHATSAPP",70
"BMW 328i, rines especiales, asientos de cuero, motor, suspensión y dirección en excelentes condiciones, 120000 kilómetros",71
Precio negociable: si DESCRIPCIÓN CALIFICACIONES SEGURIDAD Kilometraje: 75362,72
"Garantía: Como es visto no hay garantía Precio negociable: si Color : Blanco Año 1988 De agencia,nunca chocado Standard Motor 4cyl. 2.0 cc. Bateria nueva Llantas como nuevas Precio $ 4,000.00 Negociable",73
Color : Rojo y Negro Señor Guzmán contacto,74
Precio negociable: si Vendo mazda 3 año 2011 Mantenimiento al dia Aire helado al 100% Rines especiales Económico No gasta agua Cero fuga de aceite motor y caja nítida Poco negociable Muestro en gasolinera Texaco la unión A toda prueba Mi WhatsApp:,75
Financiamiento: no Precio negociable: si Color : Rojo Honda Civic Sport 2019,76
"Color : Plata Iridio Metalizado De agencia, para los más exigentes, con mucha comodidad y calidad. En excelente estado sin intermediarios, bolsas buenas, carrocería en perfecto estado, ha tenido uso familiar. Venta directa sin intermediarios.",77
Garantía: Como es visto no hay garantía Precio negociable: si Color : ocre Se vende Mitsubishi modelo Mirage año 2000 De uso diario Transmisión automática 4 puertas Aire acondicionado Tapicera en buen estado Estéreo Sony Motor 1.6 super económico Vidrios manuales Contiene sistema de alarma antirrobo Traspaso directo Detalles estéticos reparables,78
Garantía: Como es visto no hay garantía Financiamiento: no Color : Gris Plata DESCRIPCIÓN CALIFICACIONES SEGURIDAD Ford Focus 2007 en excelente estado. Sedan Automatico 4 puertas.,79
"Color : Rojo. Interesados Illamarme  . Version FULL EXTRAS 2013. Vendo NO cambios. Muestro en San Miguel. Motor 1.4 de 4 cilindros TURBO. Economico y Potente . Economia en consumo de combustible. Ideal para paseos en familia . Estilo Sedan 4 puertas + Baul espacioso. Transmision Manual 6 velocidades + Retroceso. Aire Acondicionado Heladito. Pantalla Tactil . Sonido Alpine potente Premium . USB , AUX , CD ,  AV , SD. Doble salida de escape. Apoya cabezas en todos los asientos. Tablero con luces Neon regulables. Camara de Retroceso. Vidrios y espejos electricos . Mandos al Timon . Frenos ABS . Bateria LTH HI TECH nueva. Baul Espacioso con su llanta de repuesto, mica y quita tuercas. Vidrios Polarizados . Mantenimientos al dia . Aceite de caja nuevo . Aceite de motor nuevo . Bujias nuevas . Sin fugas ni liqueos . Llantas perfil ancho casi nuevas. Ya solo esta de subirse . Motor parejito y suave . Sin pilotos encendidos.",80
"Precio negociable: si Nissan Juke 2016 en excelente condición súper sanita, 4×2 motor 1.6 con turbo, luces LED, no provenía de inundación, traía poco golpe en bomper frontal, tiene 5 puertas, llave de proximidad, con pantalla LCD, camara de retroceso de 360 , rines de aluminio, el vehículo está rebajado 5%, millas 73,642 REALES, precio NEGOCIABLE",81
"Financiamiento: no Precio negociable: si Full extras , caja automatica secuencial de 6 velocidades, capacidad para 5 pasajeros, 4 puertas, mandos al volante y por comandos de voz, modos de manejo normal y sport, pantalla lcd, bluetooth, android auto y apple car-play, A/C, camara de retroceso, luces automáticas, freno de disco en 4 ruedas *Fotos reales y traspaso directo, se muestra en sonsonate",82
"Color : Negro DESCRIPCIÓN CALIFICACIONES SEGURIDAD Nissan Sentra 2013 automático Sin fallas ni ruidos, tapicería nítida, aire nítido. Todo en excelente estado. Motor 1.8 Súper económico. $6200 FIJOS Traspaso directo. Muestro en la gasolinera Texaco de San Rafael Cedros.",83
"Color : Azul DESCRIPCIÓN CALIFICACIONES SEGURIDAD SE VENDE NISSAN VERSA 2017 SV FULL EXTRAS MOTOR 1.6 AUTOMATICO RECIEN IMPORTADO, YA CON PLACAS. 78,000 MILLAS EN OPTIMAS CONDICIONES,INGRESO AL PAIS CON POCO GOLPE, A TODA PRUEBA MECANICA, CERO CODIGOS ENCENDIDOS, BOLSAS FRONTALES BUENAS. TRATO DIRECTO, VIDRIOS Y ESPEJOS ELECTRICOS, AIRE ACONDICIONADO FUNCIONANDO AL 100% YA POLARIZADO SOLO DE SUBIRSE, NO HAY QUE INVERTIRLE NADA. PRECIO POCO NEGOCIABLE.",84
"Garantía: Como es visto no hay garantía FORD FIESTA 2019 LISTO PARA TI, PARA TU USO FAMILIAR O TRASLADARTE A TU TRABAJO!! $8,150.00 NEGOCIABLE TRASPASO DIRECTO 38010 MILLAS REALES A/C FUNCIONANDO AL CAMBIO ACEITE AL DIA! LLAVE CON CHIP! CÁMARA RETROCESO! PARABRISAS RECIÉN CAMBIADO MOTOR 1.6 SUPER ECONOMICO LLAVE CON CIERRE CENTRAL APERTURA DE BAÚL CON BOTON AUTOMATICO ESPEJOS ELECTRICOS vidrios manuales CD PLAYER ORIGINAL CD USB MP3 BLUETOOTH MUSIC AUXILIAR 3.5 MM MANDOS AL TIMON Tapiceria 99% Llantas 90% Detalles estéticos de pintura como todo carro usado Se vende por motivos de viaje ojo se muestra en metrocentro san salvador o zona comerciales de san salvador Mas información por WhatsApp o llamada &amp;amp; Bendiciones",85
DESCRIPCIÓN CALIFICACIONES SEGURIDAD FIJOS,86
"Financiamiento: no Precio negociable: si Color : Blanco DESCRIPCIÓN CALIFICACIONES SEGURIDAD Automático Motor 2.4, Los 4 amortiguadores nuevos Cierre central A/C. Funcionando llamar. Precio $2,900 Hyundai Sonata V6 Documentos al dia. llamar",87
"Precio negociable: si Color : Rojo Motor 2.0 Skyactive 56708 millas A/C Paquete eléctrico Llave de proximidad (se entregan 2 llaves) Botón de encendido Rines especiales 16"" Pantalla Android 7"" Cámara de retroceso $6500 negociables Traspaso directo Llamadas",88
"Color : Azul DESCRIPCIÓN CALIFICACIONES SEGURIDAD NISSAN VERSA 2017 1.6 AUTOMATICO, YA CON PLACAS. 78,000 MILLAS EN OPTIMAS CONDICIONES, CERO CODIGOS ENCENDIDOS, BOLSAS FRONTALES BUENAS. TRATO DIRECTO, VIDRIOS Y ESPEJOS ELECTRICOS, AIRE ACONDICIONADO FUNCIONANDO AL 100% YA POLARIZADO SOLO DE SUBIRSE, PRECIO NEGOCIABLE.",89
"Financiamiento: si DESCRIPCIÓN CALIFICACIONES SEGURIDAD FORTE 2016. solo 34mil millas arranca y camina muy poco golpe. entra a aduana a finales de abril. recerva con 300. resto al estar en aduana $$6900 sin reparar, 8500 ya reparado.no intwrmediarios. si eres idriver y cuentas para una prima1500. tambien te lo financiamos con cuotas como si lo alquilaras para idriver solo que al final del total de cuotas el carro es tuyo",90
"Garantía: Como es visto no hay garantía Financiamiento: no Precio negociable: no Color : AZUL MITSUBISHI LANCER 2015, MOTOR 2.0, AUTOMÁTICO, VIDRIOS Y ESPEJOS ELECTRICOS, CONTROLES DE AUDIO AL VOLANTE, BLUETOOTH, BOLSAS BUENAS, ARRANCA Y CAMINA… $6,975 FIJOS!! INGRESA A ADUANA RANSA SEGUNDA SEMANA DEL MES DE ABRIL PUEDES RESERVAR !! MAYOR INFORMACIÓN O RESERVAS",91
"Precio negociable: si Color : gris DESCRIPCIÓN CALIFICACIONES SEGURIDAD Camioneta 5 pasajeros, nítida a toda prueba.",92
"Financiamiento: no Precio negociable: si Color : Rojo DESCRIPCIÓN CALIFICACIONES SEGURIDAD Toyota Yaris 2008 (AGENCIA) Motor 1NZ - 1.3CC Estándar Vidrios y espejos manuales Tapicería en perfecto estado con sus forros Suspensión en buen estado Alarma y cierre central Pintura en excelente estado Rines especiales Llantas TOYO TIRES NUEVAS LAS 4 Recorrido 125,000 kilómetros no millas Frenos nuevos Sistema ABS Ningún check encendido NO CHOCADO - BOLSAS BUENAS Aire acondicionado helando perfectamente A TODA PRUEBA Vehículo de 1 solo dueño Tarjeta a mi nombre Precio $7600 Poco negociable Se muestra solamente en Sonsonate , con Cita previa , más información",93
"Precio negociable: si Color : Negro DESCRIPCIÓN CALIFICACIONES SEGURIDAD Vendo Nissan Sentra SR 2015 Excelentes condiciones, precio moderadamente negociable. Transmisión automática Motor 1.8 Sistema Eco Millaje 60,000 Todas las bolsas buenas Rines de fábrica Botón de encendido Llave de proximidad Cámara de retroceso Tapicería en perfecto estado Caja, motor y suspensión en excelente estado. Cualquier característica que desee revisar, puede verificarlo con su mecánico de confianza. Más información al . Llamadas y Whatsapp.",94
"Financiamiento: no Color : Beige DESCRIPCIÓN CALIFICACIONES SEGURIDAD Toyota Corolla XLI 2004 (AGENCIA) Motor 1.6 CC Estandar Full extra Vidrios y espejos eléctricos Tapicería 9/10 Suspendió en buen estado Alarma y cierre central Pintura en buen estado Rines especiales y llantas nuevas las 4 Recorrido 190,000 km reales Ningún check encendido CD player Sony Aire acondicionado helando perfectamente Compresiones a 200 PSI parejas puede comprobarlo sin problema Vehículo en muy buen estado Tarjeta a mi nombre Precio $6600 negociable Se muestra solamente en Sonsonate , con Cita previa , más información",95
"Garantía: Como es visto no hay garantía Financiamiento: no Precio negociable: si Color : Gris DESCRIPCIÓN CALIFICACIONES SEGURIDAD Vendo carrito fiel de agencia transmisión manual full extras rin 16 , detalles estéticos mínimos. Traspaso directo mas.inf comunicarse por WHATSAPP",96
"Precio negociable: si Caja automatica, motor 1.8 cero fugas a toda prueba, 58 mil millas, tres modos de manejo Eco, Sport y normal, camara de retroceso, A/C al 100% mandos al timon",97
Precio negociable: si Nissan Sentra 200sx . motor y caja exelente automático año 98 negociable,98
"Color : GRIS DESCRIPCIÓN CALIFICACIONES SEGURIDAD Pintura y tapicera en buen estado, sin fugas, cero codigos, caja y motor nitidos, precio negociable.-",99
DESCRIPCIÓN CALIFICACIONES SEGURIDAD Vendo Carro en perfecto estado de agencia,100
"Color : Vino metálico Mantenimiento al día en agencia Recién enllantado A/C en estado óptimo Cámara de retroceso Puerto USB, Bluetooth No chocado, si detalles de carrocería Ventanas eléctricas Se entregarán dos llaves",101
"Precio negociable: si Color : Blanco DESCRIPCIÓN CALIFICACIONES SEGURIDAD Blanco, 4 puertas, Standard, AC, un solo propietario en el país",102
"Precio negociable: si Mitsubishi mirage G4 2019 Motor 1.2 ( automático) Sistema eco Pantalla táctil original de fabrica Camara de retroceso Frenos abs Vidrios y espejos eléctricos AC al 100% Todas las bolsas buenas 76,700 millas Pintura en exelente estado Cierre central Mandos al timón Pastillas de frenos nuevas y discos rectificados Cambio de aceite de motor recién hecho Salió rodando de aduana/ Traspaso directo Llamadas al",103
Financiamiento: no Precio negociable: no DESCRIPCIÓN CALIFICACIONES SEGURIDAD En excelente estado. Precio Fijo,104
"Color : ROJO DESCRIPCIÓN CALIFICACIONES SEGURIDAD Todas las bolsas buenas Automático 120,000 millas Modo de manejo normal y Eco Llantas en perfecto estado Mantenimiento al día Precio: $8,600",105
Color : Gris Motor 1.5 Aire acondicionado Rines especiales Mantenimiento al día Pantalla Cámara de retroceso Más info al puede escribir a whatsapp,106
"Garantía: Como es visto no hay garantía Financiamiento: no Precio negociable: si Color : Azul DESCRIPCIÓN CALIFICACIONES SEGURIDAD Golf GL 1996 standar. 4 velocidades ,4 puertas ,motor cero fugas de aceite, carburado. negociable.",107
"Garantía: Como es visto no hay garantía Precio negociable: si Color : Negro Se vende Mitsubishi Lancer 2015 negociable con las siguientes especificaciones: - Motor 2,0 con sistema ECO - 62xxx MILLAS REALES - Sistema eléctrico en perfectas condiciones - Aire acondicionado al 100% - Ventanas y espejos eléctricos - Tapicería en perfecto estado - Pintura 9.5 / 10 (detalles pequeños) - Aceite de caja y filtro nuevo - Aceite de motor y filtro recién cambiado - Filtro de A/C recién cambiado - Alarma y cierre central Observaciones: - Piloto de TPMS y Bolsas de aire encendido, no afectan en nada al motor - Piloto de check Engine intermitente, por entradas de aire o mezla pobre, se están trabajando con mecánico actualmente",108
"Precio negociable: si Color : Negro DESCRIPCIÓN ARTÍCULOS CALIFICACIONES SEGURIDAD Ford en buen estado, rines originales, dos puertas",109
"Color : Rojo. Interesados Illamarme  . Version FULL EXTRAS 2013. Vendo NO cambios. Muestro en San Miguel. Motor 1.4 de 4 cilindros TURBO. Economico y Potente . Economia en consumo de combustible. Ideal para paseos en familia . Estilo Sedan 4 puertas + Baul espacioso. Transmision Manual 6 velocidades + Retroceso. Aire Acondicionado Heladito. Pantalla Tactil . Sonido Alpine potente Premium . USB , AUX , CD ,  AV , SD. Doble salida de escape. Apoya cabezas en todos los asientos. Tablero con luces Neon regulables. Camara de Retroceso. Vidrios y espejos electricos . Mandos al Timon . Frenos ABS . Bateria LTH HI TECH nueva. Baul Espacioso con su llanta de repuesto, mica y quita tuercas. Vidrios Polarizados . Mantenimientos al dia . Aceite de caja nuevo . Aceite de motor nuevo . Bujias nuevas . Sin fugas ni liqueos . Llantas perfil ancho casi nuevas. Ya solo esta de subirse . Motor parejito y suave . Sin pilotos encendidos.",110
Precio negociable: si Color : Negro DESCRIPCIÓN CALIFICACIONES SEGURIDAD Vehiculo tipo sedan Año 2016 con mantenimiento al dia realizado en diciembre 2022. FULL EXTRAS Motor GDI 1.6 Automatico Secuencial. Mandos al timon mas Alarma de fabrica Control de llave original y Cierre Central Frenos de disco excelente estado en 4 llantas Sistema ABS Sistema ECO Cd player de fabrica con bluetooh Usb y auxiliar Vidrios y espejos electricos Aire acondicionado excelente No tiene ninguna falla y sus codigos estan bien. SE MUESTRA EN GASOLINERAS UNO ENTRADA A QUEZALTEPEQUE Y EN GASOLINERA TEXACO DE REDONDEL INTEGRACION Y PUEDE TRAER SU MECANICO PARA VERIFICAR QUE NO TIENE DETALLES MECANICOS. OFERTA PARA QUE SE LO LLEVE $ 8.500.00,111
"Color : NEGRO YA TIENE PLACAS WhatsApp o Telegram No se aceptan cambios o vehículos a cuenta $11,000 Motor 2.0 Bolsas frontales intactas Entrada con llave de proximidad con botón de arranque Alfombras de habitáculo originales Alfombra de baúl rígida y flexible reversible para todo clima Techo corredizo y inclinable eléctrico de vidrio Luces de circulación diurna LED Espejo retrovisor con atenuación automática con brújula y HomeLink Volante forrado en cuero y palanca de cambios Temperatura automática de doble zona control con desempañador automático Luces de aproximación de la manija de la puerta Baúl inteligente manos libres Asientos delanteros con calefacción Espejos de cortesía iluminados con extensiones de parasol Ventana de subida automática del conductor con un solo toque Bolsillo en el respaldo del asiento del pasajero delantero Detección de punto ciego con Alerta de tráfico cruzado trasero y Asistente de cambio de carril Cámara retrovisor con guías de dirección de estacionamiento Pantalla táctil de 7 AM/FM/XM/MP3 sistema de audio con 6 parlantes Llantas de aleación de 16 con neumáticos 205/55R16 Frenos de disco frontales y posteriores Android auto y Apple car Portavasos en la consola central trasera Burbujas en ventanas laterales Llanta de repuesto con herramientas de cambio",112
Precio negociable: si Color : Gris 4 puertas. automatico,113
Precio negociable: si Color : CELESTE METALICO DESCRIPCIÓN CALIFICACIONES SEGURIDAD VENDO O CAMBIO HYUNDAI ACCENT 2014 66MIL MILLAS AIRE FUNCIONADO 0 CHEK SUPENCION Y DIRECCION EN BUEN ESTADO ALARMA ORIGINAL CIERRE CENTRAL 2 MODOS DE MANEJO CONTROL DE ESTABILIDAD VIDRIOS Y RETROVISORES ELECTRICOS DETALLES MINIMO DE BOMPER LADO DERECHO PUEDO ACEPTAR CAMBIO Y OFREZCO BUEN RIBETE POR OTRO,114
"Color : Blanco Se vende Mitsubishi G4 2018. Automático A/C. Bolsas buenas, cero código. 60,000 millas. Color blanco. Motor 1.2 Cámara de retroceso, paquete eléctrico En perfectas condiciones. Precio $8,800",115
"Color : Cafe DESCRIPCIÓN CALIFICACIONES SEGURIDAD Mantenimiento al dia, nitido",116
"Garantía: Como es visto no hay garantía Financiamiento: no Precio negociable: no Color : AZUL MITSUBISHI LANCER 2015, MOTOR 2.0, AUTOMÁTICO, VIDRIOS Y ESPEJOS ELECTRICOS, CONTROLES DE AUDIO AL VOLANTE, BLUETOOTH, BOLSAS BUENAS, ARRANCA Y CAMINA… $6,975 FIJOS!! INGRESA A ADUANA RANSA ULTIMA SEMANA DE MARZO PUEDES RESERVAR !! MAYOR INFORMACIÓN O RESERVAS",117
"Color : Negro DESCRIPCIÓN ARTÍCULOS CALIFICACIONES SEGURIDAD Ford en buen estado, rines originales, dos puertas",118
"Color : Blanco DESCRIPCIÓN CALIFICACIONES SEGURIDAD NIssan Sentra full extras, aire nítido, en perfecto estado, motor 1.8, tres modos de manejo, eco drive para el ahorro de combustible, negociable",119
"Color : Negro DESCRIPCIÓN CALIFICACIONES SEGURIDAD Vendo Nissan Versa 2013 en perfecto estado, cero fugas, vidrios electricos, aire helado, cero códigos, bolsas buenas, muy económico. Con cambios de aceite y bujías reciente, aceite de caja y filtros. solo de subirse. millas originales.",120
"Garantía: Como es visto no hay garantía Financiamiento: no Precio negociable: si Color : GRIS DESCRIPCIÓN ARTÍCULOS CALIFICACIONES SEGURIDAD ¡VEHÍCULO YA CON PLACAS LISTAS! CHEVROLET SPARK 2016 STANDAR $7,500.00 (02) Para mayor información puede comunicarse al por medio de llamada o WhatsApp. Link pagina web: CARACTERÍSTICAS: - Arranca y rueda. - 75,005 KILOMETROS actuales. - Vehiculo de agencia. - Bolsas buenas. - Llave presente. - Vidrios frontales electricos. - Transmisión manual. - Motor 1.2 L de 4 CIL. - Barras de techo. - Rines especiales. - Halógenos. PRECIO: $7,500.00 FUERA DE ADUANA PARA MAYOR INFORMACIÓN COMUNICARSE AL TELÉFONO O WHATSAPP: / . #sedan #importaciondevehiculos #carros #ventadevehiculos #venta #importacion #ventacarros #Chevrolet #chevrolet #chevroletspark #chevroletspark #spark",121
"Financiamiento: no Precio negociable: si Color : Negro DESCRIPCIÓN CALIFICACIONES SEGURIDAD Se vende Kia forte 2015, motor 1.8, mandos al timon, a toda prueba mecánica",122
"Color : Azul FINANCIAMIENTO BONITO y ECONÓMICO MITSUBISHI MIRAGE 2020, con olor a NUEVO todas las BOLSAS BUENAS, como pocos autos 20 mil millas REALES MOTOR 1.2 Excelente para ahorrar gasolina Recién importado placas nuevas blancas PANTALLA ANDROID grande sometidos a toda prueba mecánica pintura, tapicería y A/C nítidos FINANCIAMIENTO DISPONIBLE $3 MIL DE PRIMA CUOTAS $ 290 MAS SEGUNDO Y GPS información",123
Precio negociable: si DESCRIPCIÓN CALIFICACIONES SEGURIDAD Kilometraje: 75362,124
"Financiamiento: no Precio negociable: si Color : Ocre Año: 2001 Motor: 1.8 Color: Ocre Polarizado Millas: 121580 Cuatro puertas Vidrios automaticos Automatico No calienta Tablero funcionando Sistema de transmisión funcionando al 100, reciente cambio de aceite de caja y motor. Detalles: -Aire a revisar (sistema completo) -Detalles de pintura -Parabrisas -pendiente cambio empaque de punteria",125
"Color : NEGRO YA TIENE PLACAS WhatsApp o Telegram No se aceptan cambios o vehículos a cuenta $11,500 Motor 2.0 Bolsas frontales intactas Entrada con llave de proximidad con botón de arranque Alfombras de habitáculo originales Alfombra de baúl rígida y flexible reversible para todo clima Techo corredizo y inclinable eléctrico de vidrio Luces de circulación diurna LED Espejo retrovisor con atenuación automática con brújula y HomeLink Volante forrado en cuero y palanca de cambios Temperatura automática de doble zona control con desempañador automático Luces de aproximación de la manija de la puerta Baúl inteligente manos libres Asientos delanteros con calefacción Espejos de cortesía iluminados con extensiones de parasol Ventana de subida automática del conductor con un solo toque Bolsillo en el respaldo del asiento del pasajero delantero Detección de punto ciego con Alerta de tráfico cruzado trasero y Asistente de cambio de carril Cámara retrovisor con guías de dirección de estacionamiento Pantalla táctil de 7 AM/FM/XM/MP3 sistema de audio con 6 parlantes Llantas de aleación de 16 con neumáticos 205/55R16 Frenos de disco frontales y posteriores Android auto y Apple car Portavasos en la consola central trasera Burbujas en ventanas laterales Llanta de repuesto con herramientas de cambio",126
"Precio negociable: si Color : Negro **Mazda 3 con detalles de tapicería y pintura como puede apreciar en las fotografías. **El problema es un temblor en el motor posiblemente sea un soporte de caja o motor, y aire a revisar. Y por el trabajo no puedo ir a revisar. **Motor 2.0 **Automático **Negociable **Llantas 70% ** **Traspaso Directo ** Negociable",127
"Precio negociable: si Color : Negro DESCRIPCIÓN CALIFICACIONES SEGURIDAD Vendo toyota corolla 2017, con todos sus mantenimientos al dia, funciona al 100% cero fallas, muestro unicamente en san salvador. Perfecto estado Puede traer su mecanico si gusta.",128
"Precio negociable: si Vendo kia río 2018 en optimas condiciones 51,000 millas. Mantenimiento al día 3 modos de manejo (automático, sport y secuencial A/C en perfecto estado Motor 1.6 A toda prueba Traspaso directo Pintura aceptable Cierre central Precio poco negociable cualquier duda quedó a la orden",129
Precio negociable: si Color : Blanco DESCRIPCIÓN CALIFICACIONES SEGURIDAD A toda prueba Detalles superficiales en pintura Aire al 100% Llantas al 80% Dos ventanas no bajan ni suben Se deja a precio para arreglar detalles. Traspaso Directo Puede hacer las pruebas que desee,130
Financiamiento: si Color : Azul DESCRIPCIÓN CALIFICACIONES SEGURIDAD,131
"Precio negociable: si DESCRIPCIÓN CALIFICACIONES SEGURIDAD NEGOCIABLE • Motor 2.0 • 112,000 millas • A/C funcionando Excelente • Polarizado reciente • Cambio de aceite de motor reciente • Cierre central • Ajuste de asiento eléctrico • Frenos en excelente estado • Llantas Americanas en buen estado • Controles en el volante",132
DESCRIPCIÓN CALIFICACIONES SEGURIDAD NEGOCIABLE,133
"Precio negociable: si Color : Blanco Perla DESCRIPCIÓN CALIFICACIONES SEGURIDAD Se vende 2014 Hyundai sonata GLS Top of the Line. En optimas condiciones... Rines especiales, Panoramic Vista Roof... Acientos de cueros. Push To Start Boton de arranque.... etc, etc $6 950 precio negociable... interesados llamar a Julio",134
"Precio negociable: no DESCRIPCIÓN CALIFICACIONES SEGURIDAD Vendo Nissan Sentra 2013 automático Motor sin fallas, sin fugas ni ruidos Todas sus bolsas buenas Cero piloto encendido A/C nítido Traspaso directo $6200 FIJOS Muestro en gasolinera Texaco de San Rafael Cedros",135
Precio negociable: si DESCRIPCIÓN CALIFICACIONES SEGURIDAD pantalla táctil tapicería en buen estado,136
"Color : Negro DESCRIPCIÓN CALIFICACIONES SEGURIDAD Nissan Sentra 2013 automático Sin fallas ni ruidos, tapicería nítida, aire nítido. Todo en excelente estado. Súper económico. $6200 FIJOS Traspaso directo. Muestro en la gasolinera Texaco de San Rafael Cedros.",137
DESCRIPCIÓN CALIFICACIONES SEGURIDAD NEGOCIABLE,138
Financiamiento: si DESCRIPCIÓN CALIFICACIONES SEGURIDAD FORTE 2016. solo 34mil millas arranca y camina muy poco golpe. entra a aduana a finales de abril . estara reparado a mediados de mayo. prima 1500. solo para entusiastas y emprendedores que ademas de su trabajo formal se dedican a uber/idriver o cash 8300 fijos,139
"Color : Azul DESCRIPCIÓN CALIFICACIONES SEGURIDAD NISSAN VERSA 2017 1.6 AUTOMATICO, YA CON PLACAS. 78,000 MILLAS EN OPTIMAS CONDICIONES, CERO CODIGOS ENCENDIDOS, BOLSAS FRONTALES BUENAS. TRATO DIRECTO, VIDRIOS Y ESPEJOS ELECTRICOS, AIRE ACONDICIONADO FUNCIONANDO AL 100% YA POLARIZADO SOLO DE SUBIRSE, PRECIO NEGOCIABLE.",140
"Precio negociable: si Color : Negro perlado COROLLA 2018, con tan solo 39mil millas comprobables, EN MUY BUENAS CONDICIONES , tapiceria nitida, no chek,caja y motor a toda prueba, muchas extras , full electrico, mandos al timon , frente 2019 con halogenos led, pantalla , camara, cola de pato, aire a/c al 100% , TRATO DIRECTO CON IMPORTADOR , NEGOCIABLES . NO INTERMEDIARIOS . NO SE COMPLIQUE CALIDAD DE CARRO CON BAJO MILLAJE. se muestra en san salvador en . despenza don juan las terrazas, metrocentro, o taller ubicado por mercado san miguelito. . $$$ VEHALO ES NEGOCIABLE .",141
"Color : Azul Vendo Mitsubishi Lancer 2017 Full Extras. Color azul. Cámara de retroceso, automático. Con rines. En perfectas condiciones. Cero código. A toda prueba. $8,700",142
Financiamiento: no Precio negociable: si Color : Blanco Mayor información llamar Tel: WhatsApp :,143
"Precio negociable: no Color : Negro DESCRIPCIÓN CALIFICACIONES SEGURIDAD Vendo Nissan Sentra 2013 automático Sin fallas mecánicas. Motor económico 1.8 Tapicería nítida. Todo en excelente estado. A/C nítido. Sin ruidos ni fugas. No gasta agua ni aceite. Pintura aceptable. Tarjeta al día, traspaso directo. Muestro en la Gasolinera Texaco de San Rafael Cedros.",144
"Precio negociable: si Color : Rojo Vendo Chevrolet Celta 2003, súper económico, manual; en excelentes condiciones tanto interior como exterior, todo funciona 10., No tiene ninguna falla. Pido $3500; pero es poco negociable Información:",145
"Financiamiento: no Precio negociable: si Color : Azul DESCRIPCIÓN CALIFICACIONES SEGURIDAD Vehículo de 4 puertas más el baúl, A/C no funciona. Lo demás todo bien. Detalles estéticos. Tapicería en buen estado. CD player.",146
Garantía: Como es visto no hay garantía Color : Negro DESCRIPCIÓN CALIFICACIONES SEGURIDAD Llantas nuevas Polarizado Aire acondicionado Frenos en buen estado Llanta de repuesto y mica Pilotos de tablero sin problemas Luces funcionando al 100% Transmisión automática Vidrios eléctricos Cámaras trasera Pantalla central Cambio de aceite de motor y caja recientes Bolsas de aire intactas Suspensión 100% A toda prueba !!!,147
"Precio negociable: si Color : Gris DESCRIPCIÓN CALIFICACIONES SEGURIDAD Buen estado en general. Detalles de tapicería, pintura y vidrios. Aire acondicionado funcionando al 100%. $3000 Negociable.",148
Color : GRIS Nissan Altima 2013 Full Extras Automatico Cuero Bolsas Buenas,149
"Precio negociable: no Color : Gris Vendo Mitsubishi Mirage G4 2021 todas las bolsas buenas,motor 1.2cc con modo ECO y modo SPORT con tan solo 3 mil millas comprobables ,pantalla táctil, mandos al volante,Bluetooth,sistemas de radar, paquete eléctrico completo, cámara de retroceso, A/C trabajando al 100, pintura y tapiceria en exelente estado,llantas a un 90%de vida, mantenimiento al día, suspencion muy suave sin ningun ruido esta polarizado. YA TIENE PLACAS Muy elegante Exelente opcion para economizar combustible muy espacioso y cómodo para la familia o trabajo .TRASPASO DIRECTO CARRO A MI NOMBRE Puede llevarlo a una empresa de avalúo de vehículos o puede llevarlo a su mecanico de confianza para revisión pues el carro no tiene ningún detalle PORFAVOR SOLO PERSONAS REALMENTE INTERESADAS NO PERDIDAS DE TIEMPO NO SE HACEN CAMBIOS NI FINANCIAMIENTO SOLO EFECTIVO (PRECIO FIJO)",150
"Color : Negro DESCRIPCIÓN CALIFICACIONES SEGURIDAD Vendo Nissan Sentra 2014 SV Motor 1.8 Polarizado Mantenimiento al dia 3 modos de manejo eco,sport, antidesrrape Vehiculo super economico",151
"Financiamiento: no Precio negociable: si Color : Negro DESCRIPCIÓN CALIFICACIONES SEGURIDAD Vendo Nissan Sentra SR 2017 con solo 68 mil millas originales a reparar ver más detalles abajo en $7500 negociables para más información llame o escriba al - Motor 2.0 con modo Eco y sport - 68 mil millas originales - Encendido de botón - Sensores de puertas funcionando - 3 modos de manejo ( eco, confort, sport) - Caja sin golpes - Cambios suaves - Suspensión nítida - Rines originales especiales (nunca reparados) - Cámara de retroceso - Mandos al timón - Bluetooth - USB - Auxiliar - Paquete eléctrico - Llantas 8 de 10 - Interior nítido - Asientos súper bien cuidados - Único dueño desde que entró al país - Solo de subirse - Someto a toda prueba - Carrocería 7/10 con un golpe pequeño en la parte trasera del bomper - Aire acondicionado en buen estado - carro camina normal Detalles - Auto con motor en problema de recalentamiento a reparar - costo de la reparación cotizada en $750 - Ventana de piloto de puerta no funcionando Precio $7,500 negociable muestro únicamente en gasolinera puma Escalonia",152
"Color : Negro Bonito Mitsubishi Mirage G4 2021, reciente, poco milage, 4 puertas full extras, vidrios eléctricos, cámara, pantalla, baterías y llantas nuevas. Vendo solo con emisión de gases. Bolsa del timón, tablero abajo del timón y cortina derecha estalladas. Precio negociable",153
"Precio negociable: si Color : Negro DESCRIPCIÓN CALIFICACIONES SEGURIDAD Vendo Nissan Sentra SR 2015 Excelentes condiciones, precio moderadamente negociable. Transmisión automática Motor 1.8 Sistema Eco Millaje 60,000 Todas las bolsas buenas Rines de fábrica Botón de encendido Llave de proximidad Cámara de retroceso Tapicería en perfecto estado Caja, motor y suspensión en excelente estado. Cualquier característica que desee revisar, puede verificarlo con su mecánico de confianza. Más información al . Llamadas y Whatsapp.",154
"Garantía: Como es visto no hay garantía Financiamiento: no Precio negociable: si Color : Gris DESCRIPCIÓN CALIFICACIONES SEGURIDAD VENDO CARRO ESTILO SEDAN 4 PUERTAS , MOTOR 2.0 , DE AGENCIA , ESTANDAR , FULL EXTRAS , RIN 16, POLARIZADO , AIRE ACONDICIONADO, ALARMA DE FÁBRICA, SUSPENSIÒN SUAVE, MOTOR Y CAJA A TODA PRUEBA , VEALO SIN COMPROMISO SAN SALVADOR WHATSAPP",155
"Color : Vino metálico Mantenimiento al día en agencia Recién enllantado Batería nueva A/C en estado óptimo Cámara de retroceso Puerto USB, Bluetooth No chocado, si detalles de carrocería Ventanas eléctricas Se entregarán dos llaves",156
"Garantía: Como es visto no hay garantía Financiamiento: no Precio negociable: si Color : Azul DESCRIPCIÓN CALIFICACIONES SEGURIDAD Golf GL 1996 standar. 4 velocidades ,4 puertas ,motor cero fugas de aceite, carburado. negociable. está modificado",157
"Precio negociable: si Color : gris DESCRIPCIÓN CALIFICACIONES SEGURIDAD Camioneta 5 pasajeros, nítida a toda prueba.",158
DESCRIPCIÓN CALIFICACIONES SEGURIDAD Nissan sentra,159
Precio negociable: si Color : Gris DESCRIPCIÓN CALIFICACIONES SEGURIDAD 4 puertas. automatico,160
