engine,engine_id
Gasolina,1
Gasolina,2
Gasolina,3
Gasolina,4
Gasolina,5
Gasolina,6
Diesel,7
Gasolina,8
Gasolina,9
Gasolina,10
Gasolina,11
Gasolina,12
Gasolina,13
Gasolina,14
Gasolina,15
Gasolina,16
Gasolina,17
Gasolina,18
Gasolina,19
Gasolina,20
Gasolina,21
Gasolina,22
Gasolina,23
Gasolina,24
Gasolina,25
Gasolina,26
Gasolina,27
Gasolina,28
Gasolina,29
Gasolina,30
Gasolina,31
Gasolina,32
Gasolina,33
Gasolina,34
Gasolina,35
Gasolina,36
Gasolina,37
Gasolina,38
Gasolina,39
Gasolina,40
Gasolina,41
Gasolina,42
Gasolina,43
Gasolina,44
Gasolina,45
Gasolina,46
Gasolina,47
Gasolina,48
Gasolina,49
HÃ­brido,50
Gasolina,51
Gasolina,52
Gasolina,53
Gasolina,54
Gasolina,55
Gasolina,56
Gasolina,57
Gasolina,58
Gasolina,59
Gasolina,60
Gasolina,61
Gasolina,62
Gasolina,63
Gasolina,64
Gasolina,65
Gasolina,66
Gasolina,67
Gasolina,68
Gasolina,69
Gasolina,70
Gasolina,71
Gasolina,72
Gasolina,73
Diesel,74
Gasolina,75
Gasolina,76
Gasolina,77
Gasolina,78
Gasolina,79
Gasolina,80
Gasolina,81
Gasolina,82
Gasolina,83
Gasolina,84
Gasolina,85
Gasolina,86
Gasolina,87
Gasolina,88
Gasolina,89
Gasolina,90
Gasolina,91
Gasolina,92
Gasolina,93
Gasolina,94
Gasolina,95
Gasolina,96
Gasolina,97
Gasolina,98
Gasolina,99
Gasolina,100
Gasolina,101
Gasolina,102
Gasolina,103
Gasolina,104
Gasolina,105
Gasolina,106
Gasolina,107
Gasolina,108
Gasolina,109
Gasolina,110
Gasolina,111
Gasolina,112
Gasolina,113
Gasolina,114
Gasolina,115
Gasolina,116
Gasolina,117
Gasolina,118
Gasolina,119
Gasolina,120
Gasolina,121
Gasolina,122
Gasolina,123
Gasolina,124
Gasolina,125
Gasolina,126
Gasolina,127
Gasolina,128
Gasolina,129
Gasolina,130
Gasolina,131
Gasolina,132
Gasolina,133
Gasolina,134
Gasolina,135
Gasolina,136
Gasolina,137
Gasolina,138
Gasolina,139
Gasolina,140
Gasolina,141
Gasolina,142
Gasolina,143
Gasolina,144
Gasolina,145
Gasolina,146
Gasolina,147
Gasolina,148
Gasolina,149
Gasolina,150
Gasolina,151
Gasolina,152
Gasolina,153
Gasolina,154
Gasolina,155
Gasolina,156
Gasolina,157
Gasolina,158
Gasolina,159
Gasolina,160
